"conversation_id","created_at","favorite_count","full_text","hashtags/0","hashtags/1","hashtags/2","hashtags/3","hashtags/4","hashtags/5","hashtags/6","hashtags/7","hashtags/8","hashtags/9","hashtags/10","hashtags/11","hashtags/12","hashtags/13","hashtags/14","hashtags/15","hashtags/16","hashtags/17","hashtags/18","hashtags/19","hashtags/20","hashtags/21","hashtags/22","hashtags/23","hashtags/24","id","media/0/media_url","media/0/type","media/1/media_url","media/1/type","media/2/media_url","media/2/type","media/3/media_url","media/3/type","reply_count","retweet_count","url","urls/0/display_url","urls/0/expanded_url","urls/0/url","urls/1/display_url","urls/1/expanded_url","urls/1/url","urls/2/display_url","urls/2/expanded_url","urls/2/url","user_mentions/0/id_str","user_mentions/0/name","user_mentions/0/screen_name","user_mentions/1/id_str","user_mentions/1/name","user_mentions/1/screen_name","user_mentions/2/id_str","user_mentions/2/name","user_mentions/2/screen_name","user_mentions/3/id_str","user_mentions/3/name","user_mentions/3/screen_name","user_mentions/4/id_str","user_mentions/4/name","user_mentions/4/screen_name","user_mentions/5/id_str","user_mentions/5/name","user_mentions/5/screen_name"
"1588140652273045506","2022-11-03T12:06:52.000Z","1692","I think the message in Data Science needs to be: Don't believe everything you read. 🧵

#stats #datascience https://t.co/4jGMgmX8Nw","stats","datascience",,,,,,,,,,,,,,,,,,,,,,,,"1588140652273045506","https://pbs.twimg.com/media/Fgo0Q_RXkAEbP5W.jpg","photo",,,,,,,"28","425","https://twitter.com/mdancho84/status/1588140652273045506",,,,,,,,,,,,,,,,,,,,,,,,,,,
"1591020967501127682","2022-11-11T10:52:13.000Z","2631","Python libraries for:

— Machine Learning
— Data Science
— Web Development
— Game Development
— Automation Testing https://t.co/hYcOV8NfGC",,,,,,,,,,,,,,,,,,,,,,,,,,"1591020967501127682","https://pbs.twimg.com/media/FhRxIhZXoAERJEc.jpg","photo",,,,,,,"47","602","https://twitter.com/NikkiSiapno/status/1591020967501127682",,,,,,,,,,,,,,,,,,,,,,,,,,,
"1591090301770530817","2022-11-11T15:27:43.000Z","5067","Free Data Science PDF Books  
🧵:",,,,,,,,,,,,,,,,,,,,,,,,,,"1591090301770530817",,,,,,,,,"110","1499","https://twitter.com/clcoding/status/1591090301770530817",,,,,,,,,,,,,,,,,,,,,,,,,,,
"1591406530393415680","2022-11-12T12:24:18.000Z","84","Top tech skills for a #DataEngineer in 2022 🧑‍💻🤓

#ArtificialIntelligence #AI #ML #DataScience #DataScientists #CodeNewbies #Tech #deeplearning #CyberSecurity #Python #Coding  #javascript #rstats #100DaysOfCode #programming #Linux #IoT #IIoT #BigData https://t.co/ix19Xr6CdP","DataEngineer","ArtificialIntelligence","AI","ML","DataScience","DataScientists","CodeNewbies","Tech","deeplearning","CyberSecurity","Python","Coding","javascript","rstats","100DaysOfCode","programming","Linux","IoT","IIoT","BigData",,,,,,"1591406530393415680","https://pbs.twimg.com/media/FhXPyvwWIAAJkQ-.png","photo",,,,,,,"4","48","https://twitter.com/BeingOvee/status/1591406530393415680",,,,,,,,,,,,,,,,,,,,,,,,,,,
"1591413003827691521","2022-11-12T12:50:01.000Z","485","💡¿Se puede crear gráficos espectaculares que incluyan los resultados de las pruebas estadísticas con rigor? 

😜Spoiler: 📦ggstatsplot lo vuelve simple y listo para publicar

🔗 https://t.co/EgUDtvvcgF
🔗 https://t.co/236e4dP9XN
🔗 https://t.co/hntRdPY1Ts 

#RStats #DataScience https://t.co/kzeK8myHk5","RStats","DataScience",,,,,,,,,,,,,,,,,,,,,,,,"1591413003827691521","https://pbs.twimg.com/media/FhXVsR1WIAA3sH6.jpg","photo",,,,,,,"5","129","https://twitter.com/RosanaFerrero/status/1591413003827691521","buff.ly/3s7zXvr","https://buff.ly/3s7zXvr","https://t.co/EgUDtvvcgF","buff.ly/303zAQY","https://buff.ly/303zAQY","https://t.co/236e4dP9XN","buff.ly/3GOPmFh","https://buff.ly/3GOPmFh","https://t.co/hntRdPY1Ts",,,,,,,,,,,,,,,,,,
"1591455953433808897","2022-11-12T15:40:41.000Z","5431","Here's how I got certified as a data analyst in 4 months without any prior computer science knowledge and completely free. 

I hope this helps someone out there... 

A thread...
👇 https://t.co/A3MNE2CAC0",,,,,,,,,,,,,,,,,,,,,,,,,,"1591455953433808897","https://pbs.twimg.com/media/FhX8v8hXgAIOI7k.jpg","photo",,,,,,,"107","1322","https://twitter.com/JosephAbang_/status/1591455953433808897",,,,,,,,,,,,,,,,,,,,,,,,,,,
"1591687503266058240","2022-11-13T07:00:47.000Z","972","Top Python Libraries for Data Science. 

You can avoid these libraries if you want to excel in Data Science. https://t.co/DHGzrRLkML",,,,,,,,,,,,,,,,,,,,,,,,,,"1591687503266058240","https://pbs.twimg.com/media/FhbPKr0akAE8rBw.jpg","photo",,,,,,,"11","229","https://twitter.com/python_spaces/status/1591687503266058240",,,,,,,,,,,,,,,,,,,,,,,,,,,
"1592532946849861634","2022-11-15T15:00:17.000Z","1307","If you want to Master Data Science,

Here are 10 insanely useful Python libraries to simplify your career.

-- Thread --",,,,,,,,,,,,,,,,,,,,,,,,,,"1592532946849861634",,,,,,,,,"32","407","https://twitter.com/SanthoshKumarS_/status/1592532946849861634",,,,,,,,,,,,,,,,,,,,,,,,,,,
"1592602334193917954","2022-11-15T19:36:00.000Z","329","🐍 Python Libraries &amp; Frameworks 👨‍💻

#BigData #Analytics #DataScience #AI #MachineLearning #IoT #PyTorch #Python #RStats #TensorFlow #Java #JavaScript #ReactJS #React #Serverless #DataScientist #Linux #Programming #Coding #100DaysofCode #DevOps #GitHub #SQL #Dev #CyberSecurity https://t.co/tnnw0OcO3E","BigData","Analytics","DataScience","AI","MachineLearning","IoT","PyTorch","Python","RStats","TensorFlow","Java","JavaScript","ReactJS","React","Serverless","DataScientist","Linux","Programming","Coding","100DaysofCode","DevOps","GitHub","SQL","Dev","CyberSecurity","1592602334193917954","https://pbs.twimg.com/media/FhnYaeoXwAAfqIV.jpg","photo",,,,,,,"7","172","https://twitter.com/ginacostag_/status/1592602334193917954",,,,,,,,,,,,,,,,,,,,,,,,,,,
"1592869252897595393","2022-11-16T13:16:38.000Z","1632","Did you know that coding is not the only way to get into Data science? 

Excel will also help us to get into Data Science.

Master Excel for Free with these courses. 

A Thread 🧵👇 https://t.co/zfWYMpqEp7",,,,,,,,,,,,,,,,,,,,,,,,,,"1592869252897595393","https://pbs.twimg.com/media/FhsCDFsaAAEfJcs.png","photo",,,,,,,"56","525","https://twitter.com/python_spaces/status/1592869252897595393",,,,,,,,,,,,,,,,,,,,,,,,,,,
"1593605666026926080","2022-11-18T14:02:53.000Z","3820","Desperate Bollywood embraces Data Science to bully Gems of Bollywood in hope that it will change things. https://t.co/Ja29FsKfYV",,,,,,,,,,,,,,,,,,,,,,,,,,"1593605666026926080","https://pbs.twimg.com/media/Fh2f5oYUoAEDff5.jpg","photo",,,,,,,"122","1042","https://twitter.com/GemsOfBollywood/status/1593605666026926080",,,,,,,,,,,,,,,,,,,,,,,,,,,
"1593855519558860800","2022-11-19T06:35:42.000Z","569","Data Science is one of the most dynamic careers in tech. 🚀

Many people are up-skilling themselves to be a Data Scientist and work on interesting problems.

However, it's difficult to find the right resources to learn and become an expert in Data Science. 

But, not anymore 🧵👇🏻",,,,,,,,,,,,,,,,,,,,,,,,,,"1593855519558860800",,,,,,,,,"8","168","https://twitter.com/datawithsuman/status/1593855519558860800",,,,,,,,,,,,,,,,,,,,,,,,,,,
"1593898107183325184","2022-11-19T09:24:56.000Z","221","How to combine Multiple Plots in R 
How to combine Multiple Plots in R, recently https://t.co/p7cOrNUTez #statistics #datascience #rstats #programming","statistics","datascience","rstats","programming",,,,,,,,,,,,,,,,,,,,,,"1593898107183325184",,,,,,,,,"0","67","https://twitter.com/DataSciencetut/status/1593898107183325184","finnstats.com/index.php/2022…","https://finnstats.com/index.php/2022/11/19/how-to-combine-multiple-plots-in-r/?utm_source=ReviveOldPost&utm_medium=social&utm_campaign=ReviveOldPost","https://t.co/p7cOrNUTez",,,,,,,,,,,,,,,,,,,,,,,,
"1593911405492768768","2022-11-19T10:17:47.000Z","512","I apologize to everyone they’ve told can master data science in 2 months and get a job in 4 months. We’re sorry",,,,,,,,,,,,,,,,,,,,,,,,,,"1593911405492768768",,,,,,,,,"34","95","https://twitter.com/DataGuy__/status/1593911405492768768",,,,,,,,,,,,,,,,,,,,,,,,,,,
"1593922071951654912","2022-11-19T11:00:10.000Z","24","Decompose your Time Series data like this in #Python 👇👇 📷

Check an example (check the notebook at the end 👨‍💻) in this 🧵

#DataScience #MachineLearning #timeseries https://t.co/pYKaXMmYkS","Python","DataScience","MachineLearning","timeseries",,,,,,,,,,,,,,,,,,,,,,"1593922071951654912","https://pbs.twimg.com/media/Fh6_rTIVsAASGm-.jpg","photo",,,,,,,"3","11","https://twitter.com/daansan_ml/status/1593922071951654912",,,,,,,,,,,,,,,,,,,,,,,,,,,
"1593942377672032257","2022-11-19T12:20:51.000Z","7","12 million new jobs would be available in the field of data science alone by 2026, while more than 40,000 jobs are currently open in India's finance sector.  https://t.co/x3O8IW2fhk",,,,,,,,,,,,,,,,,,,,,,,,,,"1593942377672032257",,,,,,,,,"0","1","https://twitter.com/IndiaToday/status/1593942377672032257","indiatoday.in/education-toda…","https://www.indiatoday.in/education-today/news/story/5-new-emasters-degree-programmes-in-economics-fintech-and-business-launched-by-iit-kanpur-2299278-2022-11-19","https://t.co/x3O8IW2fhk",,,,,,,,,,,,,,,,,,,,,,,,
"1593952193257897984","2022-11-19T12:59:51.000Z","144","A huge step in the process. I'm a certified Data Analyst. Thank you Jesus 😅🙏🏽😊.
#DataAnalytics #DataScience #IBM #Coursera https://t.co/CgnPir1i48","DataAnalytics","DataScience","IBM","Coursera",,,,,,,,,,,,,,,,,,,,,,"1593952193257897984","https://pbs.twimg.com/media/Fh7a816XoAIH5PG.jpg","photo",,,,,,,"13","15","https://twitter.com/troublesommee/status/1593952193257897984",,,,,,,,,,,,,,,,,,,,,,,,,,,
"1593961545901305856","2022-11-19T13:37:01.000Z","375","Which skills are needed to become a data scientist?

I've been getting a ton of questions on which skills, so I wrote an in-depth article on it. ❤️

Article: https://t.co/NVZ9boJ9Sf 

#rstats #datascience https://t.co/tARWIUlpDD","rstats","datascience",,,,,,,,,,,,,,,,,,,,,,,,"1593961545901305856","https://pbs.twimg.com/media/Fh7jk-TXwAo19U2.jpg","photo",,,,,,,"6","110","https://twitter.com/mdancho84/status/1593961545901305856","bit.ly/3gwJp7V","https://bit.ly/3gwJp7V","https://t.co/NVZ9boJ9Sf",,,,,,,,,,,,,,,,,,,,,,,,
"1593982479467450368","2022-11-19T15:00:12.000Z","5418","I learnt Data Science by spending $0 Online, 

Here are 5 Free Courses to become MIT Certified Data Scientist:

-- Thread --",,,,,,,,,,,,,,,,,,,,,,,,,,"1593982479467450368",,,,,,,,,"128","1800","https://twitter.com/SanthoshKumarS_/status/1593982479467450368",,,,,,,,,,,,,,,,,,,,,,,,,,,
"1593998976122253313","2022-11-19T16:05:45.000Z","2412","Learn Data Science with Python for FREE from Google

Course Link 🧵👇 https://t.co/ZBGe3trUcC",,,,,,,,,,,,,,,,,,,,,,,,,,"1593998976122253313","https://pbs.twimg.com/ext_tw_video_thumb/1593998947437416448/pu/img/VVA_moUX_s5NrDuu.jpg","photo",,,,,,,"48","629","https://twitter.com/Nilofer_tweets/status/1593998976122253313",,,,,,,,,,,,,,,,,,,,,,,,,,,
"1594014139529183236","2022-11-19T17:06:00.000Z","294","🔥 Top 8 Machine Learning algorithms explained: https://t.co/5nhDmwGym5

#MachineLearning #Algorithms #DSDojo https://t.co/BQnCMTF8uj","MachineLearning","Algorithms","DSDojo",,,,,,,,,,,,,,,,,,,,,,,"1594014139529183236","https://pbs.twimg.com/media/Fh8TacbWYAMi3u-.jpg","photo",,,,,,,"5","122","https://twitter.com/DataScienceDojo/status/1594014139529183236","hubs.la/Q01syN7T0","https://hubs.la/Q01syN7T0","https://t.co/5nhDmwGym5",,,,,,,,,,,,,,,,,,,,,,,,
"1591340674380861441","2022-11-12T08:02:37.000Z","5","Every story in the world has one of 6 basic plots ..

In 1995 Kurt Vonnegut chalked out various story arcs on a blackboard, plotting how protagonist fortunes change in the course of a narrative.

New text-mining techniques are clarifying his work | BBC https://t.co/x8qgBbs03E https://t.co/7u084g6bDj",,,,,,,,,,,,,,,,,,,,,,,,,,"1591340674380861441","https://pbs.twimg.com/media/FhWT6AQVIAEBQTN.jpg","photo",,,,,,,"0","2","https://twitter.com/neurosocialself/status/1591340674380861441","bbc.com/culture/articl…","https://www.bbc.com/culture/article/20180525-every-story-in-the-world-has-one-of-these-six-basic-plots","https://t.co/x8qgBbs03E",,,,,,,,,,,,,,,,,,,,,,,,
"1592095806836084737","2022-11-14T10:03:14.000Z","2","SoLA invites you to a lecture on “Text Mining for Computational Social Science” by Dr. Lipika Dey (Principal Scientist, TCS Innovation Labs, New Delhi) on Tuesday, November 15, 2022, 6:00 -7:30 pm.
Venue: Room No.105, Lecture Hall Building, IIT Jodhpur Campus. https://t.co/13n80SD0OG",,,,,,,,,,,,,,,,,,,,,,,,,,"1592095806836084737","https://pbs.twimg.com/media/FhhCr69agAASXh4.jpg","photo",,,,,,,"0","0","https://twitter.com/SoLA_IITJ/status/1592095806836084737",,,,,,,,,,,,,,,,,,,,,,,,,,,
"1592188426207776770","2022-11-14T16:11:16.000Z","1","Check out our events happening this week! 

*Intro to Text Mining in R - happening Tuesday Nov. 15th at 2:30pm

*Confronting Hate on Campus - happening Thursday Nov. 17th at 3pm

Click the link in our bio to register!! https://t.co/DDGR9Iq0Qp",,,,,,,,,,,,,,,,,,,,,,,,,,"1592188426207776770","https://pbs.twimg.com/media/FhiW7yHXkAECFmx.jpg","photo","https://pbs.twimg.com/media/FhiW7yKXoAUxypl.jpg","photo","https://pbs.twimg.com/media/FhiW7yGXEAE5zfl.jpg","photo","https://pbs.twimg.com/media/FhiW7yJWIAMFqQS.jpg","photo","0","1","https://twitter.com/CTRL_AU/status/1592188426207776770",,,,,,,,,,,,,,,,,,,,,,,,,,,
"1592521418520301568","2022-11-15T14:14:28.000Z","9","The RuMOR team is growing! Thanks to @SSHRC_CRSH 's Special Response Fund for Trainees (Ukraine), we'll be supporting a talented Ukrainian grad student and our analysis will soon expand to include text mining. 

We're grateful to SSHRC for this amazing opportunity! 👏👏👏",,,,,,,,,,,,,,,,,,,,,,,,,,"1592521418520301568",,,,,,,,,"0","2","https://twitter.com/RuMOR_CarletonU/status/1592521418520301568",,,,,,,,,,"139525231","SSHRC","SSHRC_CRSH",,,,,,,,,,,,,,,
"1592557097103036418","2022-11-15T16:36:14.000Z","30","I'm doing a lot of preaching right now to colleagues at History departments about what's happening w/ text mining research in Europe (which is booming) vs the US (which has invested in data science but excluded humanists). If you're a History chair, you could invite me to talk.",,,,,,,,,,,,,,,,,,,,,,,,,,"1592557097103036418",,,,,,,,,"0","7","https://twitter.com/joguldi/status/1592557097103036418",,,,,,,,,,,,,,,,,,,,,,,,,,,
"1592577060483964928","2022-11-15T17:55:34.000Z","2","Why my #Geosis package is simply the most robust package? because it makes you perform an in-depth analysis using simple code. Geosis runs (i) text mining, (ii) network analysis, and (iii) forecasts. Yes, all in one single simple package :)  (PS, it evolves). https://t.co/U8QbuS3RTk","Geosis",,,,,,,,,,,,,,,,,,,,,,,,,"1592577060483964928","https://pbs.twimg.com/media/Fhn3xCfXkAApTQt.jpg","photo",,,,,,,"0","1","https://twitter.com/datum_geek/status/1592577060483964928",,,,,,,,,,,,,,,,,,,,,,,,,,,
"1593026803253510144","2022-11-16T23:42:41.000Z","12","Text Mining and Analytics #TextMining https://t.co/JYeks7TJnn","TextMining",,,,,,,,,,,,,,,,,,,,,,,,,"1593026803253510144",,,,,,,,,"0","7","https://twitter.com/DD_Serena_/status/1593026803253510144","imp.i384100.net/c/2840738/1242…","https://imp.i384100.net/c/2840738/1242836/14726?prodsku=crse%3AbVgqTevEEeWvGQrWsIkLlw&u=https%3A%2F%2Fwww.coursera.org%2Flearn%2Ftext-mining&intsrc=CATF_9419","https://t.co/JYeks7TJnn",,,,,,,,,,,,,,,,,,,,,,,,
"1593045666548547584","2022-11-17T00:57:38.000Z","0","Let's speed up my booming Twitter career! Here I'm presenting my methodological remarks regarding the adaptation of text mining in multi-method criminological research design. @ASCRM41 https://t.co/rDefsVCfbd",,,,,,,,,,,,,,,,,,,,,,,,,,"1593045666548547584","https://pbs.twimg.com/media/FhuiOh1WYAA0Rkc.jpg","photo",,,,,,,"0","0","https://twitter.com/akos_szigeti/status/1593045666548547584",,,,,,,,,,"2687800424","Amer Soc of Crim","ASCRM41",,,,,,,,,,,,,,,
"1593167430372704261","2022-11-17T09:01:29.000Z","2","Are you after a course that will teach you the fundamentals of #Data #Science and Analysis?

Learn:

&gt; Data Management
&gt; Integration of Python with Stata
&gt; Missing values and how to manage them
&gt; Data Visualisation
&gt; Text mining

Book your place: https://t.co/MaBVA92ojS

#Stata https://t.co/zBHat6x49p","Data","Science","Stata",,,,,,,,,,,,,,,,,,,,,,,"1593167430372704261","https://pbs.twimg.com/media/FhwRVUvX0AEnWBw.jpg","photo",,,,,,,"0","0","https://twitter.com/statauk/status/1593167430372704261","pulse.ly/51znuv8osr","https://pulse.ly/51znuv8osr","https://t.co/MaBVA92ojS",,,,,,,,,,,,,,,,,,,,,,,,
"1593777370678206466","2022-11-19T01:25:10.000Z","0","Fundamentals of Predictive Text Mining (Texts in Computer Science) GRMMKQY

https://t.co/2j8rUvmtwq https://t.co/5aXLODaVAa",,,,,,,,,,,,,,,,,,,,,,,,,,"1593777370678206466","https://pbs.twimg.com/media/Fh48EICVEAAY-89.jpg","photo",,,,,,,"0","0","https://twitter.com/bruen71/status/1593777370678206466","amazon.com/dp/144716749X?…","https://www.amazon.com/dp/144716749X?tag=wake0d-20","https://t.co/2j8rUvmtwq",,,,,,,,,,,,,,,,,,,,,,,,
"1593997394684755968","2022-11-19T15:59:28.000Z","4","Awesome strategies for our humanities courses like using- text mining or competitive antedating! This session is ❤️! Thank you @CTYJohnsHopkins ! #NAGC22 https://t.co/GiKdP5UVMM","NAGC22",,,,,,,,,,,,,,,,,,,,,,,,,"1593997394684755968","https://pbs.twimg.com/media/Fh8EK8cXEAAkspu.jpg","photo","https://pbs.twimg.com/media/Fh8ELZFXwAMWuxV.jpg","photo",,,,,"1","0","https://twitter.com/LwebbLakota/status/1593997394684755968",,,,,,,,,,"2296326144","Johns Hopkins CTY","CTYJohnsHopkins",,,,,,,,,,,,,,,
"1594072394762575874","2022-11-19T20:57:30.000Z","0","meaning of life is number 42",,,,,,,,,,,,,,,,,,,,,,,,,,"1594072394762575874",,,,,,,,,"0","0","https://twitter.com/TextMiningBot/status/1594072394762575874",,,,,,,,,,,,,,,,,,,,,,,,,,,
"1594117827740332034","2022-11-19T23:58:02.000Z","2","Brisbane Data, Power BI and AI Bootcamp speaker Jen Gianoulis will be giving a workshop on ""Text Mining Jane Austen with Power BI and R.""

Grab your free ticket to the event:
https://t.co/F3JQUl3sLn 

#Azure #Data #AI #ArtificialIntelligence #BrisbaneBootcamp #PowerBI https://t.co/0NICXtGF3f","Azure","Data","AI","ArtificialIntelligence","BrisbaneBootcamp","PowerBI",,,,,,,,,,,,,,,,,,,,"1594117827740332034","https://pbs.twimg.com/media/Fh9xtzCXgAAMwgP.jpg","photo",,,,,,,"0","4","https://twitter.com/techtalkcorner/status/1594117827740332034","buff.ly/2nW0NYn","https://buff.ly/2nW0NYn","https://t.co/F3JQUl3sLn",,,,,,,,,,,,,,,,,,,,,,,,
"1594133048995459072","2022-11-20T00:58:31.000Z","0","this is a possible tweet",,,,,,,,,,,,,,,,,,,,,,,,,,"1594133048995459072",,,,,,,,,"0","0","https://twitter.com/TextMiningBot/status/1594133048995459072",,,,,,,,,,,,,,,,,,,,,,,,,,,
"1594147784889769984","2022-11-20T01:57:04.000Z","0","It's a Tweet!",,,,,,,,,,,,,,,,,,,,,,,,,,"1594147784889769984",,,,,,,,,"0","0","https://twitter.com/TextMiningBot/status/1594147784889769984",,,,,,,,,,,,,,,,,,,,,,,,,,,
"1594208240249712641","2022-11-20T05:57:18.000Z","0","this is an example tweet",,,,,,,,,,,,,,,,,,,,,,,,,,"1594208240249712641",,,,,,,,,"0","0","https://twitter.com/TextMiningBot/status/1594208240249712641",,,,,,,,,,,,,,,,,,,,,,,,,,,
"1594224431764713473","2022-11-20T07:01:38.000Z","0","this is your next tweet",,,,,,,,,,,,,,,,,,,,,,,,,,"1594224431764713473",,,,,,,,,"0","0","https://twitter.com/TextMiningBot/status/1594224431764713473",,,,,,,,,,,,,,,,,,,,,,,,,,,
"1594240132671864832","2022-11-20T08:04:01.000Z","0","or, maybe, a possible badger",,,,,,,,,,,,,,,,,,,,,,,,,,"1594240132671864832",,,,,,,,,"0","0","https://twitter.com/TextMiningBot/status/1594240132671864832",,,,,,,,,,,,,,,,,,,,,,,,,,,
"1594247273508048896","2022-11-20T08:32:24.000Z","0","Python Text Mining: Perform Text Processing, Word Embedding, Text Classification and Machine Translation (English Edition) NHGIV3Q

https://t.co/pTZH2Vda8U https://t.co/kEA8FyKo1h",,,,,,,,,,,,,,,,,,,,,,,,,,"1594247273508048896","https://pbs.twimg.com/media/Fh_nbo1WAAc67WU.jpg","photo",,,,,,,"0","0","https://twitter.com/LianaDouglas6/status/1594247273508048896","amazon.com/dp/9389898781?…","https://www.amazon.com/dp/9389898781?tag=sarasota03-20","https://t.co/pTZH2Vda8U",,,,,,,,,,,,,,,,,,,,,,,,
"1594253538946785280","2022-11-20T08:57:18.000Z","0","and now for something completely different",,,,,,,,,,,,,,,,,,,,,,,,,,"1594253538946785280",,,,,,,,,"0","0","https://twitter.com/TextMiningBot/status/1594253538946785280",,,,,,,,,,,,,,,,,,,,,,,,,,,
"1591954701184106496","2022-11-14T00:42:32.000Z","11","Reviewing for ECIR and saw multiple people complaining text classification is not IR. 
Text classification is essentially set retrieval. We rename TAR as high recall retrieval and started to get things out. We shouldn't recognize something as IR only if the name has retrieval.",,,,,,,,,,,,,,,,,,,,,,,,,,"1591954701184106496",,,,,,,,,"6","1","https://twitter.com/EYangTW/status/1591954701184106496",,,,,,,,,,,,,,,,,,,,,,,,,,,
"1592190588786733057","2022-11-14T16:19:52.000Z","38","I have a note on my website saying to please not email me about admissions. But I have nonetheless received 11 such emails since midnight.",,,,,,,,,,,,,,,,,,,,,,,,,,"1592190588786733057",,,,,,,,,"6","1","https://twitter.com/thegautamkamath/status/1592190588786733057",,,,,,,,,,,,,,,,,,,,,,,,,,,
"1592222389005344770","2022-11-14T18:26:14.000Z","1","I highly doubt that they use information retrieval techniques to find plausible advisors and then generate the content through GPT-3.
What a practical use case of retrieval-augmented text generation!",,,,,,,,,,,,,,,,,,,,,,,,,,"1592222389005344770",,,,,,,,,"0","0","https://twitter.com/WenhuChen/status/1592222389005344770",,,,,,,,,,,,,,,,,,,,,,,,,,,
"1592223156470964225","2022-11-14T18:29:17.000Z","5","""Towards Proactive Information Retrieval in Noisy
Text with Wikipedia Concepts"" 

(Ahmed and Bulathwela, 2022)

https://t.co/VLuCknmwDA https://t.co/NJasnUWwTH",,,,,,,,,,,,,,,,,,,,,,,,,,"1592223156470964225","https://pbs.twimg.com/media/Fhi19WtXkAEEcSf.png","photo","https://pbs.twimg.com/media/Fhi19W2WYAUFuxD.png","photo",,,,,"1","0","https://twitter.com/WikiResearch/status/1592223156470964225","arxiv.org/pdf/2210.09877…","https://arxiv.org/pdf/2210.09877.pdf","https://t.co/VLuCknmwDA",,,,,,,,,,,,,,,,,,,,,,,,
"1592243150768451586","2022-11-14T19:48:44.000Z","0","Text Data Management and Analysis by Zhai and Massung covers the major concepts, techniques, and ideas in information retrieval and text data mining. “ All you need to know about how search works.” -- Martin White   https://t.co/3pezrtmIL1
 #datamining #text #data #Management https://t.co/DTkNQxxCTW","datamining","text","data","Management",,,,,,,,,,,,,,,,,,,,,,"1592243150768451586","https://pbs.twimg.com/media/FhjIZ-eWIAEbLaF.png","photo",,,,,,,"0","0","https://twitter.com/MorganClaypool/status/1592243150768451586","bit.ly/36kpejK","http://bit.ly/36kpejK","https://t.co/3pezrtmIL1",,,,,,,,,,,,,,,,,,,,,,,,
"1592281397250912257","2022-11-14T22:20:42.000Z","101","I trained a contrastive multilingual clip with openclip. On imagenet1k it reaches 62.3% in en, 43% in italian and 37% in japanese, which are all pretty strong numbers against clip-italian and clip-japanese. Use it at https://t.co/Vlo4MrwsNE",,,,,,,,,,,,,,,,,,,,,,,,,,"1592281397250912257",,,,,,,,,"3","19","https://twitter.com/rom1504/status/1592281397250912257","github.com/mlfoundations/…","https://github.com/mlfoundations/open_clip","https://t.co/Vlo4MrwsNE",,,,,,,,,,,,,,,,,,,,,,,,
"1592344358241861632","2022-11-15T02:33:50.000Z","10","For the contrastive learning model we build a contrastive learning model with HTSAT audio encoder and Roberta text encoder. With the large-scale dataset and input fusion, our performs well on text-audio retrieval tasks, as well as down-stream tasks.

4/6 https://t.co/5vAjNUWani",,,,,,,,,,,,,,,,,,,,,,,,,,"1592345096691019780","https://pbs.twimg.com/media/Fhkla8CXEAINI3C.png","photo",,,,,,,"1","0","https://twitter.com/wuyusongwys/status/1592345096691019780",,,,,,,,,,,,,,,,,,,,,,,,,,,
"1592346853395550208","2022-11-15T02:40:48.000Z","0","Multi-stage Information Retrieval for Vietnamese Legal Texts https://t.co/f8tJlrOvC6",,,,,,,,,,,,,,,,,,,,,,,,,,"1592346853395550208",,,,,,,,,"0","0","https://twitter.com/arxiv_cscl/status/1592346853395550208","arxiv.org/abs/2209.14494","http://arxiv.org/abs/2209.14494","https://t.co/f8tJlrOvC6",,,,,,,,,,,,,,,,,,,,,,,,
"1592357217529102337","2022-11-15T03:21:59.000Z","5","Simply just amazing! We evaluated the same model base from the original repo on a German dataset which shows strong zero shot result on text image retrieval",,,,,,,,,,,,,,,,,,,,,,,,,,"1592357217529102337",,,,,,,,,"0","0","https://twitter.com/bo_wangbo/status/1592357217529102337",,,,,,,,,,,,,,,,,,,,,,,,,,,
"1592470664262594560","2022-11-15T10:52:47.000Z","11","Today’s guided reading in Year 4 is based on #AntiBullyingWeek. We read a piece of text then used our retrieval skills to answer some questions @ABAonline https://t.co/7KI2io8ZLI","AntiBullyingWeek",,,,,,,,,,,,,,,,,,,,,,,,,"1592470664262594560","https://pbs.twimg.com/media/FhmXn8EX0AEcW4v.jpg","photo",,,,,,,"0","1","https://twitter.com/stannesrcp/status/1592470664262594560",,,,,,,,,,"271486992","Anti-Bullying Alliance #AntiBullyingWeek","ABAonline",,,,,,,,,,,,,,,
"1592521093344301057","2022-11-15T14:13:10.000Z","0","On Negative Sampling for Contrastive Audio-Text Retrieval - https://t.co/ahLvxdSuJA #ScholarAlerts #bioacoustics?","ScholarAlerts","bioacoustics",,,,,,,,,,,,,,,,,,,,,,,,"1592521093344301057",,,,,,,,,"0","0","https://twitter.com/KlausRiede/status/1592521093344301057","goo.gl/scholar/DH3Whq","https://goo.gl/scholar/DH3Whq","https://t.co/ahLvxdSuJA",,,,,,,,,,,,,,,,,,,,,,,,
"1592522930311036929","2022-11-15T14:20:28.000Z","7","Great retrieval skills! We use the text to retrieve facts about the characters in our Literacy text The Firework-maker’s Daughter ✍🏻📕 https://t.co/eRZYZFGuFm",,,,,,,,,,,,,,,,,,,,,,,,,,"1592522930311036929","https://pbs.twimg.com/media/FhnHKVPXgAMOdgP.jpg","photo","https://pbs.twimg.com/media/FhnHKNGWAAYAGpT.jpg","photo","https://pbs.twimg.com/media/FhnHKPLXkAYsa7r.jpg","photo","https://pbs.twimg.com/media/FhnHKYiXoAMR7Ho.jpg","photo","0","0","https://twitter.com/4terrifictigers/status/1592522930311036929",,,,,,,,,,,,,,,,,,,,,,,,,,,
"1592562509546147841","2022-11-15T16:57:45.000Z","19","Trying to refine last year's approach of using SST to springboard creative writing. This year involves SST retrieval, and opportunities for learners to develop one piece of writing through starter tasks. 

Only 3 lessons in but it feels more joined up than last year! @scot_text https://t.co/7wasRHYVhP",,,,,,,,,,,,,,,,,,,,,,,,,,"1592562509546147841","https://pbs.twimg.com/media/FhnrJ3wWIAETpUu.jpg","photo","https://pbs.twimg.com/media/FhnrKIaXgAMhGe-.jpg","photo","https://pbs.twimg.com/media/FhnrKWLWIAIqNzN.jpg","photo",,,"1","0","https://twitter.com/AnnaGrantENG/status/1592562509546147841",,,,,,,,,,"1231662266325573637","Scot_text_revision","scot_text",,,,,,,,,,,,,,,
"1592818252396507138","2022-11-16T09:53:59.000Z","3","Nice example of being creative with the #CUSPreading resources - learning to text mark to answer retrieval questions - coloured marks show where a pupil found the answer #year6 #reading @GreenfieldsEdu https://t.co/wWtkk8pqNW","CUSPreading","year6","reading",,,,,,,,,,,,,,,,,,,,,,,"1592818252396507138","https://pbs.twimg.com/media/FhrTwLYWQAQRVxw.jpg","photo",,,,,,,"0","0","https://twitter.com/HWVPA/status/1592818252396507138",,,,,,,,,,"3647739732","Lauren Meadows","GreenfieldsEdu",,,,,,,,,,,,,,,
"1592857587728666625","2022-11-16T12:30:17.000Z","0","Understanding Search Engines: Mathematical Modeling and Text Retrieval (Software, Environments, Tools), Second Edition BM5C21Y

https://t.co/dSyDi8Cj3o https://t.co/fbXZVOaXY3",,,,,,,,,,,,,,,,,,,,,,,,,,"1592857587728666625","https://pbs.twimg.com/media/Fhr3hqUVIAAuGzh.jpg","photo",,,,,,,"0","0","https://twitter.com/kozey77uezn/status/1592857587728666625","amazon.com/dp/0898715814?…","https://www.amazon.com/dp/0898715814?tag=tomgreen09-20","https://t.co/dSyDi8Cj3o",,,,,,,,,,,,,,,,,,,,,,,,
"1593190255469137920","2022-11-17T10:32:11.000Z","2","The idea of a LLM to summarize knowledge and research threads is awesome and valuable. In my thinking, such a system would primarily be a retrieval and synthesis system, not a text generator. #Galactica is not what science needs.","Galactica",,,,,,,,,,,,,,,,,,,,,,,,,"1593190255469137920",,,,,,,,,"0","0","https://twitter.com/KAvramidis/status/1593190255469137920",,,,,,,,,,,,,,,,,,,,,,,,,,,
"1593226252185661440","2022-11-17T12:55:13.000Z","1","Today as part of our English retrieval we sorted features of our text type, Newspaper articles. We are now super confident identifying our focus features such as our orientation, byline, headlines and past tense 🗞📰 . #STMEnglish https://t.co/9YZhohA0HW","STMEnglish",,,,,,,,,,,,,,,,,,,,,,,,,"1593226252185661440","https://pbs.twimg.com/media/FhxG1JiWQAEcFtJ.jpg","photo",,,,,,,"1","0","https://twitter.com/whizzkidsSTM/status/1593226252185661440",,,,,,,,,,,,,,,,,,,,,,,,,,,
"1593588484622540800","2022-11-18T12:54:36.000Z","6","Congratulations to my PhD student Ryan, who's paper is accepted at of IIAI AAI 2022-Winter Congress, and who's to fly to beautiful Thailand! Hybrid Weighted Retrieval of Twitter Users for Temporally Relevant Full-Text Querying in the Media Industry @AIHS_DurhamCS @comp_sci_durham https://t.co/vB3AwFBABb",,,,,,,,,,,,,,,,,,,,,,,,,,"1593588484622540800","https://pbs.twimg.com/media/Fh2PX7VXEAAqqL-.png","photo",,,,,,,"0","0","https://twitter.com/CristeaProf/status/1593588484622540800",,,,,,,,,,"1180994347120111617","AIHS DurhamCS","AIHS_DurhamCS","869099991381540864","Comp Sci @ Durham","comp_sci_durham",,,,,,,,,,,,
"1593589381327196160","2022-11-18T12:58:10.000Z","6","Excellent retrieval skills in #BusheyHeathReading today!
We've also been working hard with our partners to read our text, 'The Highwayman' with appropriate rhythm and expression 👏📖
@busheyheathjm @MissAllettBH https://t.co/rD7SiGxeXF","BusheyHeathReading",,,,,,,,,,,,,,,,,,,,,,,,,"1593589381327196160","https://pbs.twimg.com/media/Fh2REqCWQAAavzO.jpg","photo","https://pbs.twimg.com/media/Fh2RFJNWYAIv4r7.jpg","photo","https://pbs.twimg.com/media/Fh2RFxBX0AISY07.jpg","photo",,,"0","0","https://twitter.com/MissPodroBH/status/1593589381327196160",,,,,,,,,,"3874542562","Bushey Heath Primary","busheyheathjm","1232598169512554496","🌻Miss Allett🌻","MissAllettBH",,,,,,,,,,,,
"1593639744314875904","2022-11-18T16:18:18.000Z","0","A novel adapter-based method for parameter-efficient fine-tuning of pre-trained models for text-video retrieval.
📄 https://t.co/ad2WWUZcSd https://t.co/Al0AXGod62",,,,,,,,,,,,,,,,,,,,,,,,,,"1593639744314875904","https://pbs.twimg.com/media/Fh2-5xtVQAAKEzQ.png","photo",,,,,,,"0","0","https://twitter.com/summarizedml/status/1593639744314875904","arxiv.org/abs/2211.09623…","http://arxiv.org/abs/2211.09623v1","https://t.co/ad2WWUZcSd",,,,,,,,,,,,,,,,,,,,,,,,
"1594150246757670912","2022-11-20T02:06:51.000Z","6","On @jhuclsp YouTube: Changes in Tweet Geolocation over Time: A Study with Carmen 2.0.

By @jackjingyuzhang @Alexir563 (and me!) to be presented at @w_n_u_t #emnlp2022 

@jackjingyuzhang is applying for a PhD

@Alexir563 is looking for a summer internship

https://t.co/Pjd12Fm5Ee","emnlp2022",,,,,,,,,,,,,,,,,,,,,,,,,"1594150246757670912",,,,,,,,,"0","1","https://twitter.com/mdredze/status/1594150246757670912","youtu.be/xdrEI2vtaWw","https://youtu.be/xdrEI2vtaWw","https://t.co/Pjd12Fm5Ee",,,,,,,"740208036254482432","JHU CLSP","jhuclsp","1560437924","Jack Jingyu Zhang","jackjingyuzhang","16019396","Alexandra DeLucia","Alexir563","793840093169541120","W-NUT","w_n_u_t","1560437924","Jack Jingyu Zhang","jackjingyuzhang","16019396","Alexandra DeLucia","Alexir563"
"1594157785607942146","2022-11-20T02:36:48.000Z","6","Yes, I am looking for a summer 2023 research internship! I am a 4th year PhD working with Mark Dredze with an interest in text generation and information retrieval 😊",,,,,,,,,,,,,,,,,,,,,,,,,,"1594157785607942146",,,,,,,,,"0","3","https://twitter.com/Alexir563/status/1594157785607942146",,,,,,,,,,,,,,,,,,,,,,,,,,,
"1594194094670024705","2022-11-20T05:01:05.000Z","0","trec: TREC collection (2010). A bipartite network of documents and the words they contain, extracted from NIST's Text Retrieval Conference (TREC) disks 4 and 5, from 2010. 1729302 nodes, 83629405 edges. https://t.co/bYxULhJ1gZ https://t.co/pSYl9bJr6k",,,,,,,,,,,,,,,,,,,,,,,,,,"1594194094670024705","https://pbs.twimg.com/media/Fh-3EsNXkAAg7wv.jpg","photo",,,,,,,"0","0","https://twitter.com/netzschleuder/status/1594194094670024705","networks.skewed.de/net/trec","https://networks.skewed.de/net/trec","https://t.co/bYxULhJ1gZ",,,,,,,,,,,,,,,,,,,,,,,,
